query_id,retrieval_strategy,alpha,top_k,retrieval_latency_ms
INT2-Q-STUDYGLOW,no_retrieval,,1,0.0003
INT2-Q-STUDYGLOW,no_retrieval,,2,0.0003
INT2-Q-STUDYGLOW,no_retrieval,,3,0.0002
INT2-Q-STUDYGLOW,no_retrieval,,5,0.0001
INT2-Q-STUDYGLOW,lexical_only,,1,0.1025
INT2-Q-STUDYGLOW,lexical_only,,2,0.059
INT2-Q-STUDYGLOW,lexical_only,,3,0.0532
INT2-Q-STUDYGLOW,lexical_only,,5,0.0506
INT2-Q-STUDYGLOW,semantic_only,,1,0.1635
INT2-Q-STUDYGLOW,semantic_only,,2,0.1407
INT2-Q-STUDYGLOW,semantic_only,,3,0.1356
INT2-Q-STUDYGLOW,semantic_only,,5,0.1338
INT2-Q-STUDYGLOW,hybrid,0.0,1,0.1976
INT2-Q-STUDYGLOW,hybrid,0.0,2,0.1807
INT2-Q-STUDYGLOW,hybrid,0.0,3,0.1775
INT2-Q-STUDYGLOW,hybrid,0.0,5,0.1903
INT2-Q-STUDYGLOW,hybrid,0.25,1,0.1746
INT2-Q-STUDYGLOW,hybrid,0.25,2,0.1719
INT2-Q-STUDYGLOW,hybrid,0.25,3,0.1812
INT2-Q-STUDYGLOW,hybrid,0.25,5,0.1833
INT2-Q-STUDYGLOW,hybrid,0.5,1,0.1834
INT2-Q-STUDYGLOW,hybrid,0.5,2,0.2311
INT2-Q-STUDYGLOW,hybrid,0.5,3,0.1866
INT2-Q-STUDYGLOW,hybrid,0.5,5,0.1855
INT2-Q-STUDYGLOW,hybrid,0.75,1,0.1847
INT2-Q-STUDYGLOW,hybrid,0.75,2,0.1915
INT2-Q-STUDYGLOW,hybrid,0.75,3,0.1878
INT2-Q-STUDYGLOW,hybrid,0.75,5,0.1864
INT2-Q-STUDYGLOW,hybrid,1.0,1,0.1799
INT2-Q-STUDYGLOW,hybrid,1.0,2,0.1721
INT2-Q-STUDYGLOW,hybrid,1.0,3,0.1735
INT2-Q-STUDYGLOW,hybrid,1.0,5,0.1737
INT2-Q-NOTEBOOK,no_retrieval,,1,0.0001
INT2-Q-NOTEBOOK,no_retrieval,,2,0.0001
INT2-Q-NOTEBOOK,no_retrieval,,3,0.0002
INT2-Q-NOTEBOOK,no_retrieval,,5,0.0001
INT2-Q-NOTEBOOK,lexical_only,,1,0.0477
INT2-Q-NOTEBOOK,lexical_only,,2,0.0444
INT2-Q-NOTEBOOK,lexical_only,,3,0.0445
INT2-Q-NOTEBOOK,lexical_only,,5,0.0425
INT2-Q-NOTEBOOK,semantic_only,,1,0.1487
INT2-Q-NOTEBOOK,semantic_only,,2,0.1445
INT2-Q-NOTEBOOK,semantic_only,,3,0.1368
INT2-Q-NOTEBOOK,semantic_only,,5,0.1326
INT2-Q-NOTEBOOK,hybrid,0.0,1,0.1739
INT2-Q-NOTEBOOK,hybrid,0.0,2,0.1667
INT2-Q-NOTEBOOK,hybrid,0.0,3,0.1661
INT2-Q-NOTEBOOK,hybrid,0.0,5,0.166
INT2-Q-NOTEBOOK,hybrid,0.25,1,0.1811
INT2-Q-NOTEBOOK,hybrid,0.25,2,0.1797
INT2-Q-NOTEBOOK,hybrid,0.25,3,0.182
INT2-Q-NOTEBOOK,hybrid,0.25,5,0.1827
INT2-Q-NOTEBOOK,hybrid,0.5,1,0.165
INT2-Q-NOTEBOOK,hybrid,0.5,2,0.1644
INT2-Q-NOTEBOOK,hybrid,0.5,3,0.1774
INT2-Q-NOTEBOOK,hybrid,0.5,5,0.181
INT2-Q-NOTEBOOK,hybrid,0.75,1,0.1659
INT2-Q-NOTEBOOK,hybrid,0.75,2,0.1648
INT2-Q-NOTEBOOK,hybrid,0.75,3,0.165
INT2-Q-NOTEBOOK,hybrid,0.75,5,0.1653
INT2-Q-NOTEBOOK,hybrid,1.0,1,0.1652
INT2-Q-NOTEBOOK,hybrid,1.0,2,0.1652
INT2-Q-NOTEBOOK,hybrid,1.0,3,0.171
INT2-Q-NOTEBOOK,hybrid,1.0,5,0.1932
INT2-Q-STUDY-CLUB,no_retrieval,,1,0.0002
INT2-Q-STUDY-CLUB,no_retrieval,,2,0.0001
INT2-Q-STUDY-CLUB,no_retrieval,,3,0.0002
INT2-Q-STUDY-CLUB,no_retrieval,,5,0.0001
INT2-Q-STUDY-CLUB,lexical_only,,1,0.0454
INT2-Q-STUDY-CLUB,lexical_only,,2,0.0396
INT2-Q-STUDY-CLUB,lexical_only,,3,0.0381
INT2-Q-STUDY-CLUB,lexical_only,,5,0.0378
INT2-Q-STUDY-CLUB,semantic_only,,1,0.1331
INT2-Q-STUDY-CLUB,semantic_only,,2,0.1411
INT2-Q-STUDY-CLUB,semantic_only,,3,0.1433
INT2-Q-STUDY-CLUB,semantic_only,,5,0.1424
INT2-Q-STUDY-CLUB,hybrid,0.0,1,0.1796
INT2-Q-STUDY-CLUB,hybrid,0.0,2,0.1644
INT2-Q-STUDY-CLUB,hybrid,0.0,3,0.2439
INT2-Q-STUDY-CLUB,hybrid,0.0,5,0.2041
INT2-Q-STUDY-CLUB,hybrid,0.25,1,0.186
INT2-Q-STUDY-CLUB,hybrid,0.25,2,0.1765
INT2-Q-STUDY-CLUB,hybrid,0.25,3,0.1702
INT2-Q-STUDY-CLUB,hybrid,0.25,5,0.1706
INT2-Q-STUDY-CLUB,hybrid,0.5,1,0.1728
INT2-Q-STUDY-CLUB,hybrid,0.5,2,0.1721
INT2-Q-STUDY-CLUB,hybrid,0.5,3,0.1773
INT2-Q-STUDY-CLUB,hybrid,0.5,5,0.2456
INT2-Q-STUDY-CLUB,hybrid,0.75,1,0.1939
INT2-Q-STUDY-CLUB,hybrid,0.75,2,0.1849
INT2-Q-STUDY-CLUB,hybrid,0.75,3,0.1762
INT2-Q-STUDY-CLUB,hybrid,0.75,5,0.1872
INT2-Q-STUDY-CLUB,hybrid,1.0,1,0.1791
INT2-Q-STUDY-CLUB,hybrid,1.0,2,0.1837
INT2-Q-STUDY-CLUB,hybrid,1.0,3,0.1775
INT2-Q-STUDY-CLUB,hybrid,1.0,5,0.1854
INT2-Q-MARKET-EDGE,no_retrieval,,1,0.0001
INT2-Q-MARKET-EDGE,no_retrieval,,2,0.0001
INT2-Q-MARKET-EDGE,no_retrieval,,3,0.0001
INT2-Q-MARKET-EDGE,no_retrieval,,5,0.0001
INT2-Q-MARKET-EDGE,lexical_only,,1,0.0471
INT2-Q-MARKET-EDGE,lexical_only,,2,0.0385
INT2-Q-MARKET-EDGE,lexical_only,,3,0.0454
INT2-Q-MARKET-EDGE,lexical_only,,5,0.0331
INT2-Q-MARKET-EDGE,semantic_only,,1,0.1231
INT2-Q-MARKET-EDGE,semantic_only,,2,0.1196
INT2-Q-MARKET-EDGE,semantic_only,,3,0.1194
INT2-Q-MARKET-EDGE,semantic_only,,5,0.1199
INT2-Q-MARKET-EDGE,hybrid,0.0,1,0.1537
INT2-Q-MARKET-EDGE,hybrid,0.0,2,0.1503
INT2-Q-MARKET-EDGE,hybrid,0.0,3,0.1514
INT2-Q-MARKET-EDGE,hybrid,0.0,5,0.1504
INT2-Q-MARKET-EDGE,hybrid,0.25,1,0.1501
INT2-Q-MARKET-EDGE,hybrid,0.25,2,0.1739
INT2-Q-MARKET-EDGE,hybrid,0.25,3,0.1522
INT2-Q-MARKET-EDGE,hybrid,0.25,5,0.1579
INT2-Q-MARKET-EDGE,hybrid,0.5,1,0.1529
INT2-Q-MARKET-EDGE,hybrid,0.5,2,0.1541
INT2-Q-MARKET-EDGE,hybrid,0.5,3,0.153
INT2-Q-MARKET-EDGE,hybrid,0.5,5,0.1613
INT2-Q-MARKET-EDGE,hybrid,0.75,1,0.1517
INT2-Q-MARKET-EDGE,hybrid,0.75,2,0.1519
INT2-Q-MARKET-EDGE,hybrid,0.75,3,0.1509
INT2-Q-MARKET-EDGE,hybrid,0.75,5,0.1496
INT2-Q-MARKET-EDGE,hybrid,1.0,1,0.1605
INT2-Q-MARKET-EDGE,hybrid,1.0,2,0.1761
INT2-Q-MARKET-EDGE,hybrid,1.0,3,0.1707
INT2-Q-MARKET-EDGE,hybrid,1.0,5,0.1633
INT2-Q-TAX-GUIDE,no_retrieval,,1,0.0001
INT2-Q-TAX-GUIDE,no_retrieval,,2,0.0001
INT2-Q-TAX-GUIDE,no_retrieval,,3,0.0001
INT2-Q-TAX-GUIDE,no_retrieval,,5,0.0001
INT2-Q-TAX-GUIDE,lexical_only,,1,0.0399
INT2-Q-TAX-GUIDE,lexical_only,,2,0.0365
INT2-Q-TAX-GUIDE,lexical_only,,3,0.0356
INT2-Q-TAX-GUIDE,lexical_only,,5,0.0359
INT2-Q-TAX-GUIDE,semantic_only,,1,0.122
INT2-Q-TAX-GUIDE,semantic_only,,2,0.124
INT2-Q-TAX-GUIDE,semantic_only,,3,0.1252
INT2-Q-TAX-GUIDE,semantic_only,,5,0.1213
INT2-Q-TAX-GUIDE,hybrid,0.0,1,0.1532
INT2-Q-TAX-GUIDE,hybrid,0.0,2,0.1554
INT2-Q-TAX-GUIDE,hybrid,0.0,3,0.1582
INT2-Q-TAX-GUIDE,hybrid,0.0,5,0.1555
INT2-Q-TAX-GUIDE,hybrid,0.25,1,0.1601
INT2-Q-TAX-GUIDE,hybrid,0.25,2,0.162
INT2-Q-TAX-GUIDE,hybrid,0.25,3,0.1543
INT2-Q-TAX-GUIDE,hybrid,0.25,5,0.1511
INT2-Q-TAX-GUIDE,hybrid,0.5,1,0.1493
INT2-Q-TAX-GUIDE,hybrid,0.5,2,0.1512
INT2-Q-TAX-GUIDE,hybrid,0.5,3,0.1537
INT2-Q-TAX-GUIDE,hybrid,0.5,5,0.1511
INT2-Q-TAX-GUIDE,hybrid,0.75,1,0.1486
INT2-Q-TAX-GUIDE,hybrid,0.75,2,0.1499
INT2-Q-TAX-GUIDE,hybrid,0.75,3,0.1491
INT2-Q-TAX-GUIDE,hybrid,0.75,5,0.1497
INT2-Q-TAX-GUIDE,hybrid,1.0,1,0.1519
INT2-Q-TAX-GUIDE,hybrid,1.0,2,0.1548
INT2-Q-TAX-GUIDE,hybrid,1.0,3,0.1505
INT2-Q-TAX-GUIDE,hybrid,1.0,5,0.1496
INT2-Q-FLEXI,no_retrieval,,1,0.0002
INT2-Q-FLEXI,no_retrieval,,2,0.0002
INT2-Q-FLEXI,no_retrieval,,3,0.0
INT2-Q-FLEXI,no_retrieval,,5,0.0001
INT2-Q-FLEXI,lexical_only,,1,0.0358
INT2-Q-FLEXI,lexical_only,,2,0.0302
INT2-Q-FLEXI,lexical_only,,3,0.0278
INT2-Q-FLEXI,lexical_only,,5,0.0276
INT2-Q-FLEXI,semantic_only,,1,0.0929
INT2-Q-FLEXI,semantic_only,,2,0.0883
INT2-Q-FLEXI,semantic_only,,3,0.0885
INT2-Q-FLEXI,semantic_only,,5,0.0881
INT2-Q-FLEXI,hybrid,0.0,1,0.1364
INT2-Q-FLEXI,hybrid,0.0,2,0.114
INT2-Q-FLEXI,hybrid,0.0,3,0.1181
INT2-Q-FLEXI,hybrid,0.0,5,0.1513
INT2-Q-FLEXI,hybrid,0.25,1,0.1156
INT2-Q-FLEXI,hybrid,0.25,2,0.1125
INT2-Q-FLEXI,hybrid,0.25,3,0.1182
INT2-Q-FLEXI,hybrid,0.25,5,0.1128
INT2-Q-FLEXI,hybrid,0.5,1,0.1135
INT2-Q-FLEXI,hybrid,0.5,2,0.1137
INT2-Q-FLEXI,hybrid,0.5,3,0.1126
INT2-Q-FLEXI,hybrid,0.5,5,0.1143
INT2-Q-FLEXI,hybrid,0.75,1,0.113
INT2-Q-FLEXI,hybrid,0.75,2,0.1125
INT2-Q-FLEXI,hybrid,0.75,3,0.1119
INT2-Q-FLEXI,hybrid,0.75,5,0.1196
INT2-Q-FLEXI,hybrid,1.0,1,0.1125
INT2-Q-FLEXI,hybrid,1.0,2,0.1132
INT2-Q-FLEXI,hybrid,1.0,3,0.1112
INT2-Q-FLEXI,hybrid,1.0,5,0.1107
