observation_id,query_id,eligible_evidence_ids,subset_evidence_ids,subset_size,eligible_size,evidence_count,evidence_fraction,sku_scoped_evidence_fraction,merchant_scope_evidence_present,product_scope_evidence_present,max_score,mean_score,score_margin,source_kind_count,source_kind_diversity,constraint_count,constraint_family_purpose,constraint_family_exclusion,evidence_text_kchars_mean,semantic_input_sha256,execution_provenance,source_run_id,source_observation_id,semantic_status,semantic_verdict,final_action,frozen_full_evidence_action,decision_stable,provider_error,reason_code,live_latency_ms,live_input_tokens,live_output_tokens
INT3:INT2-Q-STUDYGLOW:m1000,INT2-Q-STUDYGLOW,scholarly-terms-v1|notebook-evidence-v1|study-club-evidence-v1|studyglow-evidence-v1,scholarly-terms-v1,1,4,1.0,0.25,1.0,1.0,0.0,0.27940802904666096,0.27940802904666096,0.0,1.0,1.0,2.0,1.0,1.0,0.143,40dd8f1b558504623f1f90c7b19d3636dea8fe551a7b2b67a95fbd4f330f441f,PRIOR_PARTIAL_RUN_RESULT,subset-live-20260831T130829Z-48fa600c,INT3:INT2-Q-STUDYGLOW:m1000,EVALUATED,ABSTAIN,REVIEW,ALLOW,0,,,,,
INT3:INT2-Q-STUDYGLOW:m0100,INT2-Q-STUDYGLOW,scholarly-terms-v1|notebook-evidence-v1|study-club-evidence-v1|studyglow-evidence-v1,notebook-evidence-v1,1,4,1.0,0.25,0.0,0.0,0.0,0.6081314259309315,0.6081314259309315,0.0,1.0,1.0,2.0,1.0,1.0,0.127,9d74f2f600518e9d40915b549e6170c29e35525fa787dbffd900fe27e5af5e09,NEW_LIVE_EXECUTION,,,EVALUATED,ABSTAIN,REVIEW,ALLOW,0,,,3892.73800002411,434,92
INT3:INT2-Q-STUDYGLOW:m0010,INT2-Q-STUDYGLOW,scholarly-terms-v1|notebook-evidence-v1|study-club-evidence-v1|studyglow-evidence-v1,study-club-evidence-v1,1,4,1.0,0.25,0.0,0.0,0.0,0.2916056248735063,0.2916056248735063,0.0,1.0,1.0,2.0,1.0,1.0,0.104,8642f65ea236d4fd8ebcad7364f535f1738cc05f76ea721285730630566e7efa,NEW_LIVE_EXECUTION,,,EVALUATED,ABSTAIN,REVIEW,ALLOW,0,,,2457.593800034374,428,103
INT3:INT2-Q-STUDYGLOW:m0001,INT2-Q-STUDYGLOW,scholarly-terms-v1|notebook-evidence-v1|study-club-evidence-v1|studyglow-evidence-v1,studyglow-evidence-v1,1,4,1.0,0.25,1.0,0.0,1.0,0.8397096636165347,0.8397096636165347,0.0,1.0,1.0,2.0,1.0,1.0,0.116,2ee7142d0d4f812a4133d94ca1ddbb5711f7875e1c33265c4677c1d9a975427c,PRIOR_EXACT_RESULT,stage-b-live-20260830T123856Z-0e4213c,F:INT2-Q-STUDYGLOW,EVALUATED,PASS,ALLOW,ALLOW,1,,,,,
INT3:INT2-Q-STUDYGLOW:m1100,INT2-Q-STUDYGLOW,scholarly-terms-v1|notebook-evidence-v1|study-club-evidence-v1|studyglow-evidence-v1,scholarly-terms-v1|notebook-evidence-v1,2,4,2.0,0.5,0.5,1.0,0.0,0.6081314259309315,0.44376972748879623,0.32872339688427055,2.0,1.0,2.0,1.0,1.0,0.135,fb5f44acf62fea5e0ee17a169b66447f4ef4e230a73ba2a2f5eb738e2641445c,NEW_LIVE_EXECUTION,,,EVALUATED,ABSTAIN,REVIEW,ALLOW,0,,,1955.4894000757486,490,83
INT3:INT2-Q-STUDYGLOW:m1010,INT2-Q-STUDYGLOW,scholarly-terms-v1|notebook-evidence-v1|study-club-evidence-v1|studyglow-evidence-v1,scholarly-terms-v1|study-club-evidence-v1,2,4,2.0,0.5,0.5,1.0,0.0,0.2916056248735063,0.2855068269600836,0.01219759582684532,2.0,1.0,2.0,1.0,1.0,0.1235,d5e369c9e4ce4e9273f7a45c831fb244325660c0a6f110336bf0986ad7b2929f,NEW_LIVE_EXECUTION,,,EVALUATED,ABSTAIN,REVIEW,ALLOW,0,,,2955.8228999376297,488,140
INT3:INT2-Q-STUDYGLOW:m1001,INT2-Q-STUDYGLOW,scholarly-terms-v1|notebook-evidence-v1|study-club-evidence-v1|studyglow-evidence-v1,scholarly-terms-v1|studyglow-evidence-v1,2,4,2.0,0.5,1.0,1.0,1.0,0.8397096636165347,0.5595588463315978,0.5603016345698737,2.0,1.0,2.0,1.0,1.0,0.1295,621a860ecbd6993286a2b57bb1a5c0cb6e5a0d70925a71c38f5cd02769f6312b,NEW_LIVE_EXECUTION,,,EVALUATED,PASS,ALLOW,ALLOW,1,,,2100.429499987513,550,72
INT3:INT2-Q-STUDYGLOW:m0110,INT2-Q-STUDYGLOW,scholarly-terms-v1|notebook-evidence-v1|study-club-evidence-v1|studyglow-evidence-v1,notebook-evidence-v1|study-club-evidence-v1,2,4,2.0,0.5,0.0,0.0,0.0,0.6081314259309315,0.4498685254022189,0.3165258010574252,2.0,1.0,2.0,1.0,1.0,0.1155,73006d21c04633fe1a80545f5187a2b169ee88ad25d07032997747fb341a9efd,NEW_LIVE_EXECUTION,,,EVALUATED,ABSTAIN,REVIEW,ALLOW,0,,,1893.531300011091,434,108
INT3:INT2-Q-STUDYGLOW:m0101,INT2-Q-STUDYGLOW,scholarly-terms-v1|notebook-evidence-v1|study-club-evidence-v1|studyglow-evidence-v1,notebook-evidence-v1|studyglow-evidence-v1,2,4,2.0,0.5,0.5,0.0,1.0,0.8397096636165347,0.7239205447737331,0.23157823768560315,1.0,0.5,2.0,1.0,1.0,0.1215,0337082d266cae103e542af368399460fa060ca419be688a7eb2cc31e03f7413,NEW_LIVE_EXECUTION,,,EVALUATED,PASS,ALLOW,ALLOW,1,,,3637.6878999872133,497,164
INT3:INT2-Q-STUDYGLOW:m0011,INT2-Q-STUDYGLOW,scholarly-terms-v1|notebook-evidence-v1|study-club-evidence-v1|studyglow-evidence-v1,study-club-evidence-v1|studyglow-evidence-v1,2,4,2.0,0.5,0.5,0.0,1.0,0.8397096636165347,0.5656576442450205,0.5481040387430284,2.0,1.0,2.0,1.0,1.0,0.11,d18fc9fabd3d87712522a3c5ab80d983be46feb3f574a8700a0a613df08d8ed3,NEW_LIVE_EXECUTION,,,EVALUATED,PASS,ALLOW,ALLOW,1,,,4536.897799931467,499,220
INT3:INT2-Q-STUDYGLOW:m1110,INT2-Q-STUDYGLOW,scholarly-terms-v1|notebook-evidence-v1|study-club-evidence-v1|studyglow-evidence-v1,scholarly-terms-v1|notebook-evidence-v1|study-club-evidence-v1,3,4,3.0,0.75,0.3333333333333333,1.0,0.0,0.6081314259309315,0.39304835995036624,0.3165258010574252,3.0,1.0,2.0,1.0,1.0,0.12466666666666668,4151ab4b42aa6615429867123341d8f2112fcaf2d4e0968a14491fa7b0aea7b7,NEW_LIVE_EXECUTION,,,EVALUATED,ABSTAIN,REVIEW,ALLOW,0,,,1751.3740999856964,496,70
INT3:INT2-Q-STUDYGLOW:m1101,INT2-Q-STUDYGLOW,scholarly-terms-v1|notebook-evidence-v1|study-club-evidence-v1|studyglow-evidence-v1,scholarly-terms-v1|notebook-evidence-v1|studyglow-evidence-v1,3,4,3.0,0.75,0.6666666666666666,1.0,1.0,0.8397096636165347,0.5757497061980423,0.23157823768560315,2.0,0.6666666666666666,2.0,1.0,1.0,0.12866666666666665,445f1ddb7b19b374dafd8cc6b381d97cd812cf493d2717a0f1175f9f5f049bad,PRIOR_EXACT_RESULT,stage-b-live-20260830T123856Z-0e4213c,C:INT2-Q-STUDYGLOW,EVALUATED,PASS,ALLOW,ALLOW,1,,,,,
INT3:INT2-Q-STUDYGLOW:m1011,INT2-Q-STUDYGLOW,scholarly-terms-v1|notebook-evidence-v1|study-club-evidence-v1|studyglow-evidence-v1,scholarly-terms-v1|study-club-evidence-v1|studyglow-evidence-v1,3,4,3.0,0.75,0.6666666666666666,1.0,1.0,0.8397096636165347,0.4702411058455673,0.5481040387430284,3.0,1.0,2.0,1.0,1.0,0.121,56b1b4c6740965c1c1d8df86dfcffd2216ebedae68ae0e93bf7462a8ed1f7ece,NEW_LIVE_EXECUTION,,,EVALUATED,PASS,ALLOW,ALLOW,1,,,2180.615899967961,554,73
INT3:INT2-Q-STUDYGLOW:m0111,INT2-Q-STUDYGLOW,scholarly-terms-v1|notebook-evidence-v1|study-club-evidence-v1|studyglow-evidence-v1,notebook-evidence-v1|study-club-evidence-v1|studyglow-evidence-v1,3,4,3.0,0.75,0.3333333333333333,0.0,1.0,0.8397096636165347,0.5798155714736575,0.23157823768560315,2.0,0.6666666666666666,2.0,1.0,1.0,0.11566666666666667,d801c28c1bb7cb4bea7e18462197092e619419bcd4ebf48c583cbf28c0e793f6,NEW_LIVE_EXECUTION,,,EVALUATED,PASS,ALLOW,ALLOW,1,,,1729.535499936901,495,70
INT3:INT2-Q-STUDYGLOW:m1111,INT2-Q-STUDYGLOW,scholarly-terms-v1|notebook-evidence-v1|study-club-evidence-v1|studyglow-evidence-v1,scholarly-terms-v1|notebook-evidence-v1|study-club-evidence-v1|studyglow-evidence-v1,4,4,4.0,1.0,0.5,1.0,1.0,0.8397096636165347,0.5047136858669083,0.23157823768560315,3.0,0.75,2.0,1.0,1.0,0.1225,f9883afcb502f7de7b72f47779e296bc2dd5c3125b2ba3ae1d83a993e84e5c76,PRIOR_EXACT_RESULT,stage-b-live-20260830T123856Z-0e4213c,B:INT2-Q-STUDYGLOW,EVALUATED,PASS,ALLOW,ALLOW,1,,,,,
INT3:INT2-Q-NOTEBOOK:m1000,INT2-Q-NOTEBOOK,scholarly-terms-v1|notebook-evidence-v1|study-club-evidence-v1|studyglow-evidence-v1,scholarly-terms-v1,1,4,1.0,0.25,1.0,1.0,0.0,0.30222218819611757,0.30222218819611757,0.0,1.0,1.0,2.0,1.0,1.0,0.143,4fc26a1bacb6289649c6a744d69845a184d32252c953349ca75b07dbb6d84798,NEW_LIVE_EXECUTION,,,EVALUATED,ABSTAIN,REVIEW,ALLOW,0,,,3317.3584999749437,508,99
INT3:INT2-Q-NOTEBOOK:m0100,INT2-Q-NOTEBOOK,scholarly-terms-v1|notebook-evidence-v1|study-club-evidence-v1|studyglow-evidence-v1,notebook-evidence-v1,1,4,1.0,0.25,1.0,0.0,1.0,0.8346949427590558,0.8346949427590558,0.0,1.0,1.0,2.0,1.0,1.0,0.127,ce238744c991b8d12a3261b024d46f7b88b5751f3a211cddc4b5c5ed354e6ff1,PRIOR_EXACT_RESULT,stage-b-live-20260830T123856Z-0e4213c,F:INT2-Q-NOTEBOOK,EVALUATED,PASS,ALLOW,ALLOW,1,,,,,
INT3:INT2-Q-NOTEBOOK:m0010,INT2-Q-NOTEBOOK,scholarly-terms-v1|notebook-evidence-v1|study-club-evidence-v1|studyglow-evidence-v1,study-club-evidence-v1,1,4,1.0,0.25,0.0,0.0,0.0,0.2506676426969517,0.2506676426969517,0.0,1.0,1.0,2.0,1.0,1.0,0.104,34f76fc99cfdb52b78aa210b2c64f2b0cfeae5adae84916c8891942edeec082e,NEW_LIVE_EXECUTION,,,EVALUATED,ABSTAIN,REVIEW,ALLOW,0,,,2318.2522000279278,443,100
INT3:INT2-Q-NOTEBOOK:m0001,INT2-Q-NOTEBOOK,scholarly-terms-v1|notebook-evidence-v1|study-club-evidence-v1|studyglow-evidence-v1,studyglow-evidence-v1,1,4,1.0,0.25,0.0,0.0,0.0,0.5335326903522317,0.5335326903522317,0.0,1.0,1.0,2.0,1.0,1.0,0.116,5088cfe410df7eee2fa7cc543656c0baa6bb61fb671657cdf5642165a97bbd62,NEW_LIVE_EXECUTION,,,EVALUATED,ABSTAIN,REVIEW,ALLOW,0,,,3117.69640003331,449,89
INT3:INT2-Q-NOTEBOOK:m1100,INT2-Q-NOTEBOOK,scholarly-terms-v1|notebook-evidence-v1|study-club-evidence-v1|studyglow-evidence-v1,scholarly-terms-v1|notebook-evidence-v1,2,4,2.0,0.5,1.0,1.0,1.0,0.8346949427590558,0.5684585654775867,0.5324727545629382,2.0,1.0,2.0,1.0,1.0,0.135,32bcb37c484cc84febe25b87b80b56248126f6853bfc55daba8fe4d78e51abe9,NEW_LIVE_EXECUTION,,,EVALUATED,PASS,ALLOW,ALLOW,1,,,4158.843599958345,562,73
INT3:INT2-Q-NOTEBOOK:m1010,INT2-Q-NOTEBOOK,scholarly-terms-v1|notebook-evidence-v1|study-club-evidence-v1|studyglow-evidence-v1,scholarly-terms-v1|study-club-evidence-v1,2,4,2.0,0.5,0.5,1.0,0.0,0.30222218819611757,0.2764449154465346,0.05155454549916588,2.0,1.0,2.0,1.0,1.0,0.1235,919bbea9265e7434a00fca63ef1dabab5951b015f9c27e39bc7e982f9d09e265,NEW_LIVE_EXECUTION,,,EVALUATED,ABSTAIN,REVIEW,ALLOW,0,,,2423.9257000153884,503,109
INT3:INT2-Q-NOTEBOOK:m1001,INT2-Q-NOTEBOOK,scholarly-terms-v1|notebook-evidence-v1|study-club-evidence-v1|studyglow-evidence-v1,scholarly-terms-v1|studyglow-evidence-v1,2,4,2.0,0.5,0.5,1.0,0.0,0.5335326903522317,0.41787743927417464,0.23131050215611415,2.0,1.0,2.0,1.0,1.0,0.1295,94b2a4a1d9ad7418f440e2d0ea0fa0da66cd901554c252929be8abae7124f985,NEW_LIVE_EXECUTION,,,EVALUATED,ABSTAIN,REVIEW,ALLOW,0,,,2463.7721000472084,503,109
INT3:INT2-Q-NOTEBOOK:m0110,INT2-Q-NOTEBOOK,scholarly-terms-v1|notebook-evidence-v1|study-club-evidence-v1|studyglow-evidence-v1,notebook-evidence-v1|study-club-evidence-v1,2,4,2.0,0.5,0.5,0.0,1.0,0.8346949427590558,0.5426812927280037,0.5840273000621041,2.0,1.0,2.0,1.0,1.0,0.1155,7595debded3b83cd184d4d9d25661eb09bbc7cb5d0e4cf10859b720d8ed9edca,NEW_LIVE_EXECUTION,,,EVALUATED,PASS,ALLOW,ALLOW,1,,,2542.227700003423,507,71
INT3:INT2-Q-NOTEBOOK:m0101,INT2-Q-NOTEBOOK,scholarly-terms-v1|notebook-evidence-v1|study-club-evidence-v1|studyglow-evidence-v1,notebook-evidence-v1|studyglow-evidence-v1,2,4,2.0,0.5,0.5,0.0,1.0,0.8346949427590558,0.6841138165556437,0.30116225240682404,1.0,0.5,2.0,1.0,1.0,0.1215,1b86311da7b6afc13e325becd9bd259f6be587c77f5930b9c86ed6b2ee234ef8,NEW_LIVE_EXECUTION,,,EVALUATED,PASS,ALLOW,ALLOW,1,,,3251.0677999816835,507,72
INT3:INT2-Q-NOTEBOOK:m0011,INT2-Q-NOTEBOOK,scholarly-terms-v1|notebook-evidence-v1|study-club-evidence-v1|studyglow-evidence-v1,study-club-evidence-v1|studyglow-evidence-v1,2,4,2.0,0.5,0.0,0.0,0.0,0.5335326903522317,0.3921001665245917,0.28286504765528003,2.0,1.0,2.0,1.0,1.0,0.11,5b81276f457a28a3c811ba66b671158e049401615d08a20bc9af2fbfb9253370,NEW_LIVE_EXECUTION,,,EVALUATED,ABSTAIN,REVIEW,ALLOW,0,,,3433.3554999902844,451,72
INT3:INT2-Q-NOTEBOOK:m1110,INT2-Q-NOTEBOOK,scholarly-terms-v1|notebook-evidence-v1|study-club-evidence-v1|studyglow-evidence-v1,scholarly-terms-v1|notebook-evidence-v1|study-club-evidence-v1,3,4,3.0,0.75,0.6666666666666666,1.0,1.0,0.8346949427590558,0.46252825788404167,0.5324727545629382,3.0,1.0,2.0,1.0,1.0,0.12466666666666668,fa57dd349014c68bc8c0b498b6067cbd851eb95bb69e31c742fe8a386c725df9,NEW_LIVE_EXECUTION,,,EVALUATED,PASS,ALLOW,ALLOW,1,,,1886.6827000165358,568,75
INT3:INT2-Q-NOTEBOOK:m1101,INT2-Q-NOTEBOOK,scholarly-terms-v1|notebook-evidence-v1|study-club-evidence-v1|studyglow-evidence-v1,scholarly-terms-v1|notebook-evidence-v1|studyglow-evidence-v1,3,4,3.0,0.75,0.6666666666666666,1.0,1.0,0.8346949427590558,0.5568166071024684,0.30116225240682404,2.0,0.6666666666666666,2.0,1.0,1.0,0.12866666666666665,1c5b0fda84bf996157a22f9ab6dd0f632c749fbc646f27fe5a45ac9242cdae0e,PRIOR_EXACT_RESULT,stage-b-live-20260830T123856Z-0e4213c,C:INT2-Q-NOTEBOOK,EVALUATED,PASS,ALLOW,ALLOW,1,,,,,
INT3:INT2-Q-NOTEBOOK:m1011,INT2-Q-NOTEBOOK,scholarly-terms-v1|notebook-evidence-v1|study-club-evidence-v1|studyglow-evidence-v1,scholarly-terms-v1|study-club-evidence-v1|studyglow-evidence-v1,3,4,3.0,0.75,0.3333333333333333,1.0,0.0,0.5335326903522317,0.3621408404151003,0.23131050215611415,3.0,1.0,2.0,1.0,1.0,0.121,2c1ca0d62da5580f5b6bb2136f69d07f8a5bc75dd525dbb7a2ac380a75041c14,NEW_LIVE_EXECUTION,,,EVALUATED,ABSTAIN,REVIEW,ALLOW,0,,,2130.156800034456,507,106
INT3:INT2-Q-NOTEBOOK:m0111,INT2-Q-NOTEBOOK,scholarly-terms-v1|notebook-evidence-v1|study-club-evidence-v1|studyglow-evidence-v1,notebook-evidence-v1|study-club-evidence-v1|studyglow-evidence-v1,3,4,3.0,0.75,0.3333333333333333,0.0,1.0,0.8346949427590558,0.5396317586027464,0.30116225240682404,2.0,0.6666666666666666,2.0,1.0,1.0,0.11566666666666667,d912904e67ff0c8c3ab7462c854b910ef9721563faae17d44009aead956ba36a,NEW_LIVE_EXECUTION,,,EVALUATED,PASS,ALLOW,ALLOW,1,,,2103.1716000288725,505,71
INT3:INT2-Q-NOTEBOOK:m1111,INT2-Q-NOTEBOOK,scholarly-terms-v1|notebook-evidence-v1|study-club-evidence-v1|studyglow-evidence-v1,scholarly-terms-v1|notebook-evidence-v1|study-club-evidence-v1|studyglow-evidence-v1,4,4,4.0,1.0,0.5,1.0,1.0,0.8346949427590558,0.48027936600108917,0.30116225240682404,3.0,0.75,2.0,1.0,1.0,0.1225,d220660c03eae36acff0a1d984a666038ec5af7aa8d2dec440168e6bc59b784e,PRIOR_EXACT_RESULT,stage-b-live-20260830T123856Z-0e4213c,B:INT2-Q-NOTEBOOK,EVALUATED,PASS,ALLOW,ALLOW,1,,,,,
INT3:INT2-Q-STUDY-CLUB:m1000,INT2-Q-STUDY-CLUB,scholarly-terms-v1|notebook-evidence-v1|study-club-evidence-v1|studyglow-evidence-v1,scholarly-terms-v1,1,4,1.0,0.25,1.0,1.0,0.0,0.31824395149660095,0.31824395149660095,0.0,1.0,1.0,1.0,0.0,1.0,0.143,a0bf96c8ca3bf354add9ac0a3b34104064d626fc0bbc5b0af75f7188aebf60e3,NEW_LIVE_EXECUTION,,,EVALUATED,ABSTAIN,REVIEW,BLOCK,0,,,1900.5200000246987,464,49
INT3:INT2-Q-STUDY-CLUB:m0100,INT2-Q-STUDY-CLUB,scholarly-terms-v1|notebook-evidence-v1|study-club-evidence-v1|studyglow-evidence-v1,notebook-evidence-v1,1,4,1.0,0.25,0.0,0.0,0.0,0.3426432553025006,0.3426432553025006,0.0,1.0,1.0,1.0,0.0,1.0,0.127,f8523d35e899b10e3d30dd9aa55bbf2b01cc623e9988fe7e5f54f851ac8ffb02,NEW_LIVE_EXECUTION,,,EVALUATED,ABSTAIN,REVIEW,BLOCK,0,,,4890.360000077635,405,53
INT3:INT2-Q-STUDY-CLUB:m0010,INT2-Q-STUDY-CLUB,scholarly-terms-v1|notebook-evidence-v1|study-club-evidence-v1|studyglow-evidence-v1,study-club-evidence-v1,1,4,1.0,0.25,1.0,0.0,1.0,0.880977754448629,0.880977754448629,0.0,1.0,1.0,1.0,0.0,1.0,0.104,463dd1f37e3a4daf6d04909e7466562a636b9aa73bb17cca3a1a761fd971bf85,PRIOR_EXACT_RESULT,stage-b-live-20260830T123856Z-0e4213c,F:INT2-Q-STUDY-CLUB,EVALUATED,VIOLATION,BLOCK,BLOCK,1,,,,,
INT3:INT2-Q-STUDY-CLUB:m0001,INT2-Q-STUDY-CLUB,scholarly-terms-v1|notebook-evidence-v1|study-club-evidence-v1|studyglow-evidence-v1,studyglow-evidence-v1,1,4,1.0,0.25,0.0,0.0,0.0,0.3935491089135315,0.3935491089135315,0.0,1.0,1.0,1.0,0.0,1.0,0.116,87d690d5cbd4491852baf540646485d3f6733712384c0795070eb498405ebc15,NEW_LIVE_EXECUTION,,,EVALUATED,ABSTAIN,REVIEW,BLOCK,0,,,1597.5126000121236,405,52
INT3:INT2-Q-STUDY-CLUB:m1100,INT2-Q-STUDY-CLUB,scholarly-terms-v1|notebook-evidence-v1|study-club-evidence-v1|studyglow-evidence-v1,scholarly-terms-v1|notebook-evidence-v1,2,4,2.0,0.5,0.5,1.0,0.0,0.3426432553025006,0.3304436033995508,0.024399303805899664,2.0,1.0,1.0,0.0,1.0,0.135,3e0111d02c7732729393427df54a973117bf95e41e7c23b25f5c14e2e53e3b12,NEW_LIVE_EXECUTION,,,EVALUATED,ABSTAIN,REVIEW,BLOCK,0,,,2856.3491000095382,461,51
INT3:INT2-Q-STUDY-CLUB:m1010,INT2-Q-STUDY-CLUB,scholarly-terms-v1|notebook-evidence-v1|study-club-evidence-v1|studyglow-evidence-v1,scholarly-terms-v1|study-club-evidence-v1,2,4,2.0,0.5,1.0,1.0,1.0,0.880977754448629,0.599610852972615,0.5627338029520281,2.0,1.0,1.0,0.0,1.0,0.1235,d5653473929d6b13bab85f84d57eb0af6644dbe4906816c447d1bfd2af86f68b,NEW_LIVE_EXECUTION,,,EVALUATED,VIOLATION,BLOCK,BLOCK,1,,,1888.2189000723884,512,47
INT3:INT2-Q-STUDY-CLUB:m1001,INT2-Q-STUDY-CLUB,scholarly-terms-v1|notebook-evidence-v1|study-club-evidence-v1|studyglow-evidence-v1,scholarly-terms-v1|studyglow-evidence-v1,2,4,2.0,0.5,0.5,1.0,0.0,0.3935491089135315,0.35589653020506623,0.07530515741693056,2.0,1.0,1.0,0.0,1.0,0.1295,3333c8a4146169226349d403df41cf4ce812c7850269bc4fc15d01f3f0b228b6,NEW_LIVE_EXECUTION,,,EVALUATED,ABSTAIN,REVIEW,BLOCK,0,,,1525.174899958074,459,49
INT3:INT2-Q-STUDY-CLUB:m0110,INT2-Q-STUDY-CLUB,scholarly-terms-v1|notebook-evidence-v1|study-club-evidence-v1|studyglow-evidence-v1,notebook-evidence-v1|study-club-evidence-v1,2,4,2.0,0.5,0.5,0.0,1.0,0.880977754448629,0.6118105048755649,0.5383344991461284,2.0,1.0,1.0,0.0,1.0,0.1155,39cee3017f08fd277783fe28ceb84f34cbfb3a9e0f6a9452c3f54fca21538653,NEW_LIVE_EXECUTION,,,EVALUATED,VIOLATION,BLOCK,BLOCK,1,,,1515.248200041242,459,47
INT3:INT2-Q-STUDY-CLUB:m0101,INT2-Q-STUDY-CLUB,scholarly-terms-v1|notebook-evidence-v1|study-club-evidence-v1|studyglow-evidence-v1,notebook-evidence-v1|studyglow-evidence-v1,2,4,2.0,0.5,0.0,0.0,0.0,0.3935491089135315,0.3680961821080161,0.05090585361103089,1.0,0.5,1.0,0.0,1.0,0.1215,4284abd180f3aeb291553112169479d0b8594d7fa9cf438252709db2d2e9fa69,NEW_LIVE_EXECUTION,,,EVALUATED,ABSTAIN,REVIEW,BLOCK,0,,,1708.4106999682263,405,66
INT3:INT2-Q-STUDY-CLUB:m0011,INT2-Q-STUDY-CLUB,scholarly-terms-v1|notebook-evidence-v1|study-club-evidence-v1|studyglow-evidence-v1,study-club-evidence-v1|studyglow-evidence-v1,2,4,2.0,0.5,0.5,0.0,1.0,0.880977754448629,0.6372634316810802,0.4874286455350975,2.0,1.0,1.0,0.0,1.0,0.11,7bdd1c8ee41cad2a5eaf6bae63577ce01d9a9b6c60cbd01d79bac2525d5b73c6,NEW_LIVE_EXECUTION,,,EVALUATED,VIOLATION,BLOCK,BLOCK,1,,,1354.9430000130087,461,47
INT3:INT2-Q-STUDY-CLUB:m1110,INT2-Q-STUDY-CLUB,scholarly-terms-v1|notebook-evidence-v1|study-club-evidence-v1|studyglow-evidence-v1,scholarly-terms-v1|notebook-evidence-v1|study-club-evidence-v1,3,4,3.0,0.75,0.6666666666666666,1.0,1.0,0.880977754448629,0.5139549870825769,0.5383344991461284,3.0,1.0,1.0,0.0,1.0,0.12466666666666668,0a80734858d1089265d170d30b34388677f7db9ca1f0855e6088c393869fb867,NEW_LIVE_EXECUTION,,,EVALUATED,VIOLATION,BLOCK,BLOCK,1,,,2963.8453000225127,520,56
INT3:INT2-Q-STUDY-CLUB:m1101,INT2-Q-STUDY-CLUB,scholarly-terms-v1|notebook-evidence-v1|study-club-evidence-v1|studyglow-evidence-v1,scholarly-terms-v1|notebook-evidence-v1|studyglow-evidence-v1,3,4,3.0,0.75,0.3333333333333333,1.0,0.0,0.3935491089135315,0.351478771904211,0.05090585361103089,2.0,0.6666666666666666,1.0,0.0,1.0,0.12866666666666665,98db3119878a23ff833d712e335ee262b7d777437ed9d35c21466d41ee6fb47b,NEW_LIVE_EXECUTION,,,EVALUATED,ABSTAIN,REVIEW,BLOCK,0,,,1818.5047999722883,460,45
INT3:INT2-Q-STUDY-CLUB:m1011,INT2-Q-STUDY-CLUB,scholarly-terms-v1|notebook-evidence-v1|study-club-evidence-v1|studyglow-evidence-v1,scholarly-terms-v1|study-club-evidence-v1|studyglow-evidence-v1,3,4,3.0,0.75,0.6666666666666666,1.0,1.0,0.880977754448629,0.5309236049529206,0.4874286455350975,3.0,1.0,1.0,0.0,1.0,0.121,d3d09d90491579b2ddaac3e0a2b49bcfe7545827707531236ee92a96c1865802,PRIOR_EXACT_RESULT,stage-b-live-20260830T123856Z-0e4213c,C:INT2-Q-STUDY-CLUB,EVALUATED,VIOLATION,BLOCK,BLOCK,1,,,,,
INT3:INT2-Q-STUDY-CLUB:m0111,INT2-Q-STUDY-CLUB,scholarly-terms-v1|notebook-evidence-v1|study-club-evidence-v1|studyglow-evidence-v1,notebook-evidence-v1|study-club-evidence-v1|studyglow-evidence-v1,3,4,3.0,0.75,0.3333333333333333,0.0,1.0,0.880977754448629,0.5390567062215538,0.4874286455350975,2.0,0.6666666666666666,1.0,0.0,1.0,0.11566666666666667,c387be12f05c62360458d9b5088af9c002bf8bfe2b2b55b3948d73475ddc8d6f,NEW_LIVE_EXECUTION,,,EVALUATED,VIOLATION,BLOCK,BLOCK,1,,,1451.5613000839949,457,47
INT3:INT2-Q-STUDY-CLUB:m1111,INT2-Q-STUDY-CLUB,scholarly-terms-v1|notebook-evidence-v1|study-club-evidence-v1|studyglow-evidence-v1,scholarly-terms-v1|notebook-evidence-v1|study-club-evidence-v1|studyglow-evidence-v1,4,4,4.0,1.0,0.5,1.0,1.0,0.880977754448629,0.4838535175403155,0.4874286455350975,3.0,0.75,1.0,0.0,1.0,0.1225,caeac07142bec9baf0d1d0b117376f0f0924ab6348e84bead3f8f7baa46a1ebf,PRIOR_EXACT_RESULT,stage-b-live-20260830T123856Z-0e4213c,B:INT2-Q-STUDY-CLUB,EVALUATED,VIOLATION,BLOCK,BLOCK,1,,,,,
INT3:INT2-Q-MARKET-EDGE:m100,INT2-Q-MARKET-EDGE,academy-terms-v1|market-edge-evidence-v1|tax-guide-evidence-v1,academy-terms-v1,1,3,1.0,0.3333333333333333,1.0,1.0,0.0,0.10738923749391469,0.10738923749391469,0.0,1.0,1.0,2.0,1.0,1.0,0.118,0cae51dedb8f415929da09b45373a4ed10f328d34a98bc9e0bdcb61037cb0a7e,NEW_LIVE_EXECUTION,,,EVALUATED,ABSTAIN,REVIEW,BLOCK,0,,,3933.70620009955,500,105
INT3:INT2-Q-MARKET-EDGE:m010,INT2-Q-MARKET-EDGE,academy-terms-v1|market-edge-evidence-v1|tax-guide-evidence-v1,market-edge-evidence-v1,1,3,1.0,0.3333333333333333,1.0,0.0,1.0,0.8253860880853121,0.8253860880853121,0.0,1.0,1.0,2.0,1.0,1.0,0.178,cb17187b6972a932c451809e88bc978314c2c4100f2158c20fb4db2df0ee69a6,PRIOR_EXACT_RESULT,stage-b-live-20260830T123856Z-0e4213c,F:INT2-Q-MARKET-EDGE,EVALUATED,VIOLATION,BLOCK,BLOCK,1,,,,,
INT3:INT2-Q-MARKET-EDGE:m001,INT2-Q-MARKET-EDGE,academy-terms-v1|market-edge-evidence-v1|tax-guide-evidence-v1,tax-guide-evidence-v1,1,3,1.0,0.3333333333333333,0.0,0.0,0.0,0.29657370944245764,0.29657370944245764,0.0,1.0,1.0,2.0,1.0,1.0,0.132,4ebe733ef09009fcf5b6d1e25e1bfebbea80a9a7d6486d6f256a75a0b9b11eb9,NEW_LIVE_EXECUTION,,,EVALUATED,ABSTAIN,REVIEW,BLOCK,0,,,3384.6832000417635,452,111
INT3:INT2-Q-MARKET-EDGE:m110,INT2-Q-MARKET-EDGE,academy-terms-v1|market-edge-evidence-v1|tax-guide-evidence-v1,academy-terms-v1|market-edge-evidence-v1,2,3,2.0,0.6666666666666666,1.0,1.0,1.0,0.8253860880853121,0.4663876627896134,0.7179968505913974,2.0,1.0,2.0,1.0,1.0,0.148,a0249b236a7c0f33326105201db339f4ca31e5edc04a988863918d3c08c64746,NEW_LIVE_EXECUTION,,,EVALUATED,VIOLATION,BLOCK,BLOCK,1,,,3688.2323999889195,570,146
INT3:INT2-Q-MARKET-EDGE:m101,INT2-Q-MARKET-EDGE,academy-terms-v1|market-edge-evidence-v1|tax-guide-evidence-v1,academy-terms-v1|tax-guide-evidence-v1,2,3,2.0,0.6666666666666666,0.5,1.0,0.0,0.29657370944245764,0.20198147346818618,0.18918447194854296,2.0,1.0,2.0,1.0,1.0,0.125,c406898d2b6d0d1f7dad4f4ff373fa9665a751b4743b03607e0afc492a6e0d68,NEW_LIVE_EXECUTION,,,EVALUATED,ABSTAIN,REVIEW,BLOCK,0,,,2523.1120999669656,506,117
INT3:INT2-Q-MARKET-EDGE:m011,INT2-Q-MARKET-EDGE,academy-terms-v1|market-edge-evidence-v1|tax-guide-evidence-v1,market-edge-evidence-v1|tax-guide-evidence-v1,2,3,2.0,0.6666666666666666,0.5,0.0,1.0,0.8253860880853121,0.5609798987638849,0.5288123786428545,2.0,1.0,2.0,1.0,1.0,0.155,60bdfb937e67ba4ad0b74009e134f0f25d24ffe38e31874c22a940250435182e,NEW_LIVE_EXECUTION,,,EVALUATED,VIOLATION,BLOCK,BLOCK,1,,,4591.696000075899,515,304
INT3:INT2-Q-MARKET-EDGE:m111,INT2-Q-MARKET-EDGE,academy-terms-v1|market-edge-evidence-v1|tax-guide-evidence-v1,academy-terms-v1|market-edge-evidence-v1|tax-guide-evidence-v1,3,3,3.0,1.0,0.6666666666666666,1.0,1.0,0.8253860880853121,0.4097830116738948,0.5288123786428545,3.0,1.0,2.0,1.0,1.0,0.14266666666666666,9b390ca5ad1cc9ecef8152a18cb7c24929a8e0144aa6a7f699318a23f175b0dd,PRIOR_EXACT_RESULT,stage-b-live-20260830T123856Z-0e4213c,B:INT2-Q-MARKET-EDGE,EVALUATED,VIOLATION,BLOCK,BLOCK,1,,,,,
INT3:INT2-Q-TAX-GUIDE:m100,INT2-Q-TAX-GUIDE,academy-terms-v1|market-edge-evidence-v1|tax-guide-evidence-v1,academy-terms-v1,1,3,1.0,0.3333333333333333,1.0,1.0,0.0,0.3527472863363128,0.3527472863363128,0.0,1.0,1.0,2.0,1.0,1.0,0.118,2794f6cc05eb54d5ece70f3fd7fb2bf42b48b1ca1956c6c4252ca26a7f3da8b3,NEW_LIVE_EXECUTION,,,EVALUATED,ABSTAIN,REVIEW,ALLOW,0,,,2808.0903999507427,491,150
INT3:INT2-Q-TAX-GUIDE:m010,INT2-Q-TAX-GUIDE,academy-terms-v1|market-edge-evidence-v1|tax-guide-evidence-v1,market-edge-evidence-v1,1,3,1.0,0.3333333333333333,0.0,0.0,0.0,0.2358942322563572,0.2358942322563572,0.0,1.0,1.0,2.0,1.0,1.0,0.178,e105e362f20c5c48f05bfc1027b037f183f03544c54e140058aa61f5b5d4529c,NEW_LIVE_EXECUTION,,,EVALUATED,ABSTAIN,REVIEW,ALLOW,0,,,2505.3755999542773,444,73
INT3:INT2-Q-TAX-GUIDE:m001,INT2-Q-TAX-GUIDE,academy-terms-v1|market-edge-evidence-v1|tax-guide-evidence-v1,tax-guide-evidence-v1,1,3,1.0,0.3333333333333333,1.0,0.0,1.0,0.8106333130329757,0.8106333130329757,0.0,1.0,1.0,2.0,1.0,1.0,0.132,0aa53bc0ab1637469b7a91ce448d4df34dd36f35ebe97127fd8358d5ed7ef397,PRIOR_EXACT_RESULT,stage-b-live-20260830T123856Z-0e4213c,F:INT2-Q-TAX-GUIDE,EVALUATED,PASS,ALLOW,ALLOW,1,,,,,
INT3:INT2-Q-TAX-GUIDE:m110,INT2-Q-TAX-GUIDE,academy-terms-v1|market-edge-evidence-v1|tax-guide-evidence-v1,academy-terms-v1|market-edge-evidence-v1,2,3,2.0,0.6666666666666666,0.5,1.0,0.0,0.3527472863363128,0.294320759296335,0.11685305407995561,2.0,1.0,2.0,1.0,1.0,0.148,71d0db3b705e2788a5d462840a8c13cb025a287a5889f8654a5779ad66b36fae,NEW_LIVE_EXECUTION,,,EVALUATED,ABSTAIN,REVIEW,ALLOW,0,,,2853.235900052823,498,139
INT3:INT2-Q-TAX-GUIDE:m101,INT2-Q-TAX-GUIDE,academy-terms-v1|market-edge-evidence-v1|tax-guide-evidence-v1,academy-terms-v1|tax-guide-evidence-v1,2,3,2.0,0.6666666666666666,1.0,1.0,1.0,0.8106333130329757,0.5816902996846443,0.4578860266966629,2.0,1.0,2.0,1.0,1.0,0.125,0242840fbe2f7f6c253c0560c336efe644ea72c9f9029c9b81a63dec5777e1bf,NEW_LIVE_EXECUTION,,,EVALUATED,PASS,ALLOW,ALLOW,1,,,1663.1437999894843,556,71
INT3:INT2-Q-TAX-GUIDE:m011,INT2-Q-TAX-GUIDE,academy-terms-v1|market-edge-evidence-v1|tax-guide-evidence-v1,market-edge-evidence-v1|tax-guide-evidence-v1,2,3,2.0,0.6666666666666666,0.5,0.0,1.0,0.8106333130329757,0.5232637726446665,0.5747390807766185,2.0,1.0,2.0,1.0,1.0,0.155,34656af93d1736f76de09d9f40c02185957dcc1c2c70ce55b868fd63c797bf68,NEW_LIVE_EXECUTION,,,EVALUATED,PASS,ALLOW,ALLOW,1,,,2165.9475000342354,502,69
INT3:INT2-Q-TAX-GUIDE:m111,INT2-Q-TAX-GUIDE,academy-terms-v1|market-edge-evidence-v1|tax-guide-evidence-v1,academy-terms-v1|market-edge-evidence-v1|tax-guide-evidence-v1,3,3,3.0,1.0,0.6666666666666666,1.0,1.0,0.8106333130329757,0.46642494387521527,0.4578860266966629,3.0,1.0,2.0,1.0,1.0,0.14266666666666666,1efbfee23cf365790866e977487ffbcfe0d17294b0dd881a62e719fa86d2d39f,PRIOR_EXACT_RESULT,stage-b-live-20260830T123856Z-0e4213c,B:INT2-Q-TAX-GUIDE,EVALUATED,PASS,ALLOW,ALLOW,1,,,,,
INT3:INT2-Q-FLEXI:m10,INT2-Q-FLEXI,nova-terms-v1|flexi-evidence-v1,nova-terms-v1,1,2,1.0,0.5,1.0,1.0,0.0,0.40331129523362275,0.40331129523362275,0.0,1.0,1.0,2.0,1.0,1.0,0.156,39edf8f443d8047cbe6532a083502fe546db69b35c27f516b937dcd74cae72b9,NEW_LIVE_EXECUTION,,,EVALUATED,ABSTAIN,REVIEW,REVIEW,1,,,2221.5502000181004,513,88
INT3:INT2-Q-FLEXI:m01,INT2-Q-FLEXI,nova-terms-v1|flexi-evidence-v1,flexi-evidence-v1,1,2,1.0,0.5,1.0,0.0,1.0,0.7373162537758717,0.7373162537758717,0.0,1.0,1.0,2.0,1.0,1.0,0.156,6a86d39646e8fb688308451b130d5e7d86225a4cbd2fa32e1994a4396f9d7826,PRIOR_EXACT_RESULT,stage-b-live-20260830T123856Z-0e4213c,F:INT2-Q-FLEXI,EVALUATED,ABSTAIN,REVIEW,REVIEW,1,,,,,
INT3:INT2-Q-FLEXI:m11,INT2-Q-FLEXI,nova-terms-v1|flexi-evidence-v1,nova-terms-v1|flexi-evidence-v1,2,2,2.0,1.0,1.0,1.0,1.0,0.7373162537758717,0.5703137745047473,0.334004958542249,2.0,1.0,2.0,1.0,1.0,0.156,cc424bc15a4ed584b8f8751702046bafb73e9ca14cac693e0f8251164dc3b63b,PRIOR_EXACT_RESULT,stage-b-live-20260830T123856Z-0e4213c,B:INT2-Q-FLEXI,EVALUATED,ABSTAIN,REVIEW,REVIEW,1,,,,,
